sku,descripcion,categoria,subcategoria,impermeable,capacidad_litros,precio_lista,margen
SKU100000,Producto 1,Hogar,Cocina,0,30.0,2393698.0,0.12
SKU100001,Producto 2,Infantil,Juguetes,0,10.0,1798613.0,0.23
SKU100002,Producto 3,Moda,Hombre,0,30.0,193089.0,0.4
SKU100003,Producto 4,Hogar,Decoración,0,5.0,445743.0,0.31
SKU100004,Producto 5,Accesorios,Bolsos,0,10.0,2910331.0,0.38
SKU100005,Producto 6,Hogar,Cocina,0,20.0,22321.0,0.45
SKU100006,Producto 7,Moda,Unisex,0,0.0,926642.0,0.26
SKU100007,Producto 8,Moda,Unisex,1,5.0,88726.0,0.26
SKU100008,Producto 9,Moda,Mujer,1,30.0,435692.0,0.17
SKU100009,Producto 10,Electrónica,Audio,0,30.0,1379089.0,0.36
SKU100010,Producto 11,Accesorios,Relojes,1,3.0,1159737.0,0.44
SKU100011,Producto 12,Deportes,Ciclismo,1,0.0,158422.0,0.29
SKU100012,Producto 13,Hogar,Cocina,0,10.0,1362488.0,0.06
SKU100013,Producto 14,Accesorios,Bolsos,1,0.0,2897583.0,0.37
SKU100014,Producto 15,Belleza,Perfumes,0,0.0,67579.0,0.14
SKU100015,Producto 16,Infantil,Juguetes,0,5.0,1331654.0,0.1
SKU100016,Producto 17,Herramientas,Jardín,0,10.0,2502921.0,0.12
SKU100017,Producto 18,Hogar,Muebles,0,0.0,791164.0,0.32
SKU100018,Producto 19,Hogar,Decoración,0,1.5,1286965.0,0.13
SKU100019,Producto 20,Infantil,Cuidado,0,5.0,570866.0,0.44
SKU100020,Producto 21,Belleza,Perfumes,0,1.5,1360267.0,0.21
SKU100021,Producto 22,Moda,Unisex,0,5.0,1801742.0,0.42
SKU100022,Producto 23,Electrónica,Computadores,0,20.0,604029.0,0.07
SKU100023,Producto 24,Moda,Mujer,0,10.0,1178258.0,0.16
SKU100024,Producto 25,Moda,Hombre,1,10.0,1768518.0,0.44
SKU100025,Producto 26,Infantil,Ropa infantil,0,5.0,1637234.0,0.11
SKU100026,Producto 27,Belleza,Cuidado piel,0,30.0,512495.0,0.06
SKU100027,Producto 28,Belleza,Maquillaje,0,0.0,2321289.0,0.13
SKU100028,Producto 29,Moda,Unisex,1,30.0,2450075.0,0.33
SKU100029,Producto 30,Hogar,Decoración,0,3.0,2374723.0,0.29
SKU100030,Producto 31,Deportes,Outdoor,0,1.5,1088228.0,0.1
SKU100031,Producto 32,Deportes,Fitness,1,30.0,2553115.0,0.23
SKU100032,Producto 33,Infantil,Cuidado,0,0.0,209404.0,0.17
SKU100033,Producto 34,Moda,Unisex,1,10.0,2194226.0,0.31
SKU100034,Producto 35,Electrónica,Audio,0,3.0,1692505.0,0.2
SKU100035,Producto 36,Electrónica,Imagen,0,30.0,2145469.0,0.35
SKU100036,Producto 37,Accesorios,Relojes,0,1.5,723235.0,0.15
SKU100037,Producto 38,Moda,Unisex,1,3.0,1577744.0,0.22
SKU100038,Producto 39,Moda,Unisex,1,1.5,1329223.0,0.13
SKU100039,Producto 40,Accesorios,Gafas,1,30.0,1436603.0,0.28
SKU100040,Producto 41,Deportes,Fitness,0,5.0,2724548.0,0.15
SKU100041,Producto 42,Moda,Unisex,1,10.0,1628726.0,0.13
SKU100042,Producto 43,Accesorios,Gafas,1,10.0,249400.0,0.17
SKU100043,Producto 44,Belleza,Cuidado piel,0,20.0,2643794.0,0.3
SKU100044,Producto 45,Deportes,Outdoor,1,20.0,1907543.0,0.4
SKU100045,Producto 46,Hogar,Cocina,0,5.0,670953.0,0.22
SKU100046,Producto 47,Hogar,Cocina,0,20.0,1627240.0,0.37
SKU100047,Producto 48,Deportes,Outdoor,1,5.0,1081768.0,0.41
SKU100048,Producto 49,Hogar,Muebles,0,0.0,699247.0,0.22
SKU100049,Producto 50,Accesorios,Gafas,1,5.0,1070655.0,0.17
SKU100050,Producto 51,Infantil,Cuidado,0,20.0,1542027.0,0.22
SKU100051,Producto 52,Electrónica,Computadores,0,10.0,2083459.0,0.16
SKU100052,Producto 53,Hogar,Decoración,0,30.0,521507.0,0.14
SKU100053,Producto 54,Infantil,Cuidado,0,0.0,1223432.0,0.08
SKU100054,Producto 55,Belleza,Cuidado piel,0,1.5,2888093.0,0.15
SKU100055,Producto 56,Infantil,Ropa infantil,0,1.5,2142566.0,0.11
SKU100056,Producto 57,Deportes,Fitness,0,0.0,815007.0,0.44
SKU100057,Producto 58,Infantil,Cuidado,0,5.0,173407.0,0.16
SKU100058,Producto 59,Deportes,Outdoor,0,0.0,1910367.0,0.32
SKU100059,Producto 60,Infantil,Cuidado,0,10.0,1478569.0,0.44
SKU100060,Producto 61,Moda,Hombre,1,30.0,2022964.0,0.35
SKU100061,Producto 62,Deportes,Outdoor,0,3.0,741637.0,0.37
SKU100062,Producto 63,Belleza,Maquillaje,0,10.0,1904271.0,0.3
SKU100063,Producto 64,Electrónica,Audio,0,3.0,2452967.0,0.37
SKU100064,Producto 65,Belleza,Maquillaje,0,0.0,975925.0,0.12
SKU100065,Producto 66,Moda,Hombre,0,10.0,2577909.0,0.18
SKU100066,Producto 67,Hogar,Cocina,0,5.0,69432.0,0.25
SKU100067,Producto 68,Herramientas,Eléctricas,0,3.0,1059025.0,0.09
SKU100068,Producto 69,Deportes,Ciclismo,1,0.0,2078994.0,0.2
SKU100069,Producto 70,Deportes,Fitness,1,1.5,2516376.0,0.32
SKU100070,Producto 71,Moda,Unisex,0,0.0,358151.0,0.42
SKU100071,Producto 72,Infantil,Ropa infantil,0,20.0,2093438.0,0.14
SKU100072,Producto 73,Belleza,Maquillaje,0,1.5,2946862.0,0.26
SKU100073,Producto 74,Herramientas,Eléctricas,0,0.0,740720.0,0.09
SKU100074,Producto 75,Moda,Hombre,0,5.0,1683714.0,0.4
SKU100075,Producto 76,Belleza,Cuidado piel,0,30.0,1030309.0,0.19
SKU100076,Producto 77,Moda,Unisex,0,3.0,2571846.0,0.21
SKU100077,Producto 78,Electrónica,Audio,0,0.0,1933254.0,0.08
SKU100078,Producto 79,Electrónica,Audio,0,5.0,2697691.0,0.29
SKU100079,Producto 80,Hogar,Cocina,0,3.0,1129403.0,0.43
SKU100080,Producto 81,Belleza,Cuidado piel,0,0.0,35084.0,0.11
SKU100081,Producto 82,Moda,Mujer,1,1.5,1467129.0,0.23
SKU100082,Producto 83,Moda,Unisex,0,10.0,688323.0,0.33
SKU100083,Producto 84,Herramientas,Eléctricas,0,0.0,1491803.0,0.12
SKU100084,Producto 85,Herramientas,Manuales,0,30.0,2168401.0,0.17
SKU100085,Producto 86,Moda,Hombre,0,5.0,1536266.0,0.3
SKU100086,Producto 87,Accesorios,Relojes,1,20.0,747089.0,0.44
SKU100087,Producto 88,Accesorios,Relojes,0,10.0,1470492.0,0.41
SKU100088,Producto 89,Hogar,Cocina,0,3.0,2388538.0,0.25
SKU100089,Producto 90,Accesorios,Gafas,1,5.0,2013394.0,0.4
SKU100090,Producto 91,Hogar,Cocina,0,5.0,2172907.0,0.16
SKU100091,Producto 92,Moda,Hombre,1,3.0,2310291.0,0.07
SKU100092,Producto 93,Deportes,Fitness,0,5.0,2822567.0,0.43
SKU100093,Producto 94,Infantil,Ropa infantil,0,10.0,2652812.0,0.35
SKU100094,Producto 95,Moda,Hombre,1,10.0,2786389.0,0.22
SKU100095,Producto 96,Hogar,Cocina,0,10.0,1725432.0,0.44
SKU100096,Producto 97,Electrónica,Audio,0,5.0,897458.0,0.2
SKU100097,Producto 98,Moda,Hombre,1,30.0,820055.0,0.24
SKU100098,Producto 99,Herramientas,Manuales,0,1.5,1679268.0,0.42
SKU100099,Producto 100,Moda,Mujer,0,1.5,2791450.0,0.08
SKU100100,Producto 101,Deportes,Fitness,0,1.5,1852722.0,0.45
SKU100101,Producto 102,Accesorios,Relojes,1,1.5,777408.0,0.17
SKU100102,Producto 103,Infantil,Ropa infantil,0,1.5,2227490.0,0.33
SKU100103,Producto 104,Herramientas,Eléctricas,0,3.0,2132555.0,0.27
SKU100104,Producto 105,Moda,Mujer,0,1.5,2431896.0,0.37
SKU100105,Producto 106,Electrónica,Computadores,0,0.0,1842311.0,0.08
SKU100106,Producto 107,Electrónica,Computadores,0,30.0,1514519.0,0.37
SKU100107,Producto 108,Belleza,Cuidado piel,0,0.0,231404.0,0.21
SKU100108,Producto 109,Electrónica,Computadores,0,20.0,2672216.0,0.19
SKU100109,Producto 110,Herramientas,Jardín,0,5.0,1745017.0,0.23
SKU100110,Producto 111,Deportes,Ciclismo,0,30.0,127108.0,0.24
SKU100111,Producto 112,Deportes,Ciclismo,0,30.0,2945886.0,0.39
SKU100112,Producto 113,Moda,Mujer,0,1.5,110891.0,0.06
SKU100113,Producto 114,Moda,Unisex,0,20.0,923731.0,0.26
SKU100114,Producto 115,Hogar,Muebles,0,10.0,1576285.0,0.36
SKU100115,Producto 116,Belleza,Maquillaje,0,5.0,2896450.0,0.23
SKU100116,Producto 117,Moda,Unisex,1,20.0,174012.0,0.26
SKU100117,Producto 118,Moda,Mujer,1,30.0,2104546.0,0.11
SKU100118,Producto 119,Deportes,Outdoor,1,10.0,2909220.0,0.34
SKU100119,Producto 120,Herramientas,Manuales,0,3.0,2389655.0,0.16
SKU100120,Producto 121,Hogar,Cocina,0,5.0,2237247.0,0.15
SKU100121,Producto 122,Herramientas,Jardín,0,1.5,2888692.0,0.38
SKU100122,Producto 123,Hogar,Cocina,0,0.0,2071730.0,0.07
SKU100123,Producto 124,Moda,Unisex,1,1.5,486182.0,0.15
SKU100124,Producto 125,Deportes,Fitness,0,20.0,299742.0,0.12
SKU100125,Producto 126,Moda,Mujer,1,10.0,854203.0,0.43
SKU100126,Producto 127,Deportes,Fitness,1,30.0,1978192.0,0.22
SKU100127,Producto 128,Electrónica,Computadores,0,10.0,1270408.0,0.15
SKU100128,Producto 129,Infantil,Cuidado,0,3.0,2278381.0,0.06
SKU100129,Producto 130,Hogar,Cocina,0,20.0,293561.0,0.09
SKU100130,Producto 131,Infantil,Juguetes,0,20.0,2569273.0,0.33
SKU100131,Producto 132,Hogar,Decoración,0,5.0,71140.0,0.36
SKU100132,Producto 133,Deportes,Fitness,1,10.0,1430946.0,0.12
SKU100133,Producto 134,Moda,Unisex,1,20.0,1956326.0,0.07
SKU100134,Producto 135,Moda,Unisex,1,20.0,1912579.0,0.07
SKU100135,Producto 136,Herramientas,Manuales,0,30.0,65608.0,0.42
SKU100136,Producto 137,Electrónica,Audio,0,0.0,1627345.0,0.32
SKU100137,Producto 138,Accesorios,Relojes,0,30.0,2833870.0,0.4
SKU100138,Producto 139,Electrónica,Imagen,0,3.0,2406829.0,0.32
SKU100139,Producto 140,Deportes,Outdoor,1,3.0,1936999.0,0.23
SKU100140,Producto 141,Deportes,Outdoor,1,3.0,2465506.0,0.3
SKU100141,Producto 142,Accesorios,Gafas,0,0.0,2884348.0,0.41
SKU100142,Producto 143,Hogar,Cocina,0,5.0,836404.0,0.14
SKU100143,Producto 144,Deportes,Outdoor,0,20.0,74301.0,0.09
SKU100144,Producto 145,Belleza,Perfumes,0,3.0,1022932.0,0.31
SKU100145,Producto 146,Deportes,Fitness,0,10.0,2537728.0,0.06
SKU100146,Producto 147,Electrónica,Imagen,0,1.5,796870.0,0.25
SKU100147,Producto 148,Belleza,Cuidado piel,0,1.5,2096277.0,0.3
SKU100148,Producto 149,Belleza,Cuidado piel,0,10.0,136775.0,0.22
SKU100149,Producto 150,Moda,Unisex,0,10.0,860463.0,0.12
SKU100150,Producto 151,Belleza,Perfumes,0,0.0,1714190.0,0.28
SKU100151,Producto 152,Accesorios,Gafas,0,3.0,1249601.0,0.2
SKU100152,Producto 153,Moda,Hombre,0,30.0,1750021.0,0.4
SKU100153,Producto 154,Accesorios,Bolsos,0,10.0,731019.0,0.32
SKU100154,Producto 155,Belleza,Maquillaje,0,30.0,2268538.0,0.09
SKU100155,Producto 156,Moda,Mujer,0,0.0,1612296.0,0.25
SKU100156,Producto 157,Hogar,Muebles,0,0.0,973748.0,0.41
SKU100157,Producto 158,Electrónica,Imagen,0,0.0,179386.0,0.43
SKU100158,Producto 159,Moda,Hombre,1,3.0,292034.0,0.18
SKU100159,Producto 160,Belleza,Maquillaje,0,20.0,2036774.0,0.24
SKU100160,Producto 161,Moda,Hombre,0,1.5,1902875.0,0.23
SKU100161,Producto 162,Moda,Mujer,1,3.0,1815274.0,0.27
SKU100162,Producto 163,Infantil,Juguetes,0,10.0,2262076.0,0.37
SKU100163,Producto 164,Infantil,Ropa infantil,0,0.0,358125.0,0.42
SKU100164,Producto 165,Accesorios,Gafas,1,1.5,191525.0,0.27
SKU100165,Producto 166,Electrónica,Audio,0,10.0,2216366.0,0.27
SKU100166,Producto 167,Infantil,Juguetes,0,3.0,368860.0,0.11
SKU100167,Producto 168,Infantil,Juguetes,0,1.5,2514152.0,0.4
SKU100168,Producto 169,Hogar,Decoración,0,20.0,270638.0,0.33
SKU100169,Producto 170,Accesorios,Relojes,1,1.5,1202022.0,0.41
SKU100170,Producto 171,Accesorios,Gafas,0,1.5,262419.0,0.08
SKU100171,Producto 172,Accesorios,Gafas,0,3.0,1752290.0,0.4
SKU100172,Producto 173,Infantil,Juguetes,0,20.0,2442143.0,0.43
SKU100173,Producto 174,Accesorios,Bolsos,0,0.0,1783828.0,0.19
SKU100174,Producto 175,Belleza,Maquillaje,0,5.0,268832.0,0.36
SKU100175,Producto 176,Hogar,Decoración,0,20.0,2121151.0,0.15
SKU100176,Producto 177,Belleza,Perfumes,0,3.0,351368.0,0.25
SKU100177,Producto 178,Belleza,Perfumes,0,10.0,1227502.0,0.28
SKU100178,Producto 179,Hogar,Decoración,0,5.0,374077.0,0.1
SKU100179,Producto 180,Infantil,Cuidado,0,0.0,2237751.0,0.32
SKU100180,Producto 181,Infantil,Cuidado,0,5.0,2887274.0,0.2
SKU100181,Producto 182,Accesorios,Relojes,1,0.0,267016.0,0.26
SKU100182,Producto 183,Infantil,Cuidado,0,10.0,2890403.0,0.05
SKU100183,Producto 184,Deportes,Ciclismo,1,10.0,148617.0,0.41
SKU100184,Producto 185,Accesorios,Gafas,0,20.0,2775437.0,0.42
SKU100185,Producto 186,Infantil,Ropa infantil,0,5.0,1670486.0,0.44
SKU100186,Producto 187,Electrónica,Imagen,0,1.5,515322.0,0.14
SKU100187,Producto 188,Infantil,Juguetes,0,30.0,1374532.0,0.3
SKU100188,Producto 189,Accesorios,Gafas,1,20.0,1164921.0,0.34
SKU100189,Producto 190,Herramientas,Manuales,0,3.0,857270.0,0.43
SKU100190,Producto 191,Herramientas,Jardín,0,20.0,1377857.0,0.3
SKU100191,Producto 192,Moda,Unisex,1,1.5,580601.0,0.24
SKU100192,Producto 193,Deportes,Outdoor,0,1.5,703596.0,0.16
SKU100193,Producto 194,Infantil,Cuidado,0,10.0,2923697.0,0.44
SKU100194,Producto 195,Belleza,Cuidado piel,0,20.0,116302.0,0.16
SKU100195,Producto 196,Moda,Unisex,1,10.0,2445109.0,0.32
SKU100196,Producto 197,Moda,Hombre,0,10.0,416892.0,0.08
SKU100197,Producto 198,Electrónica,Audio,0,20.0,2850404.0,0.34
SKU100198,Producto 199,Moda,Mujer,0,30.0,2759146.0,0.08
SKU100199,Producto 200,Herramientas,Manuales,0,20.0,2600870.0,0.07
SKU100200,Producto 201,Moda,Unisex,1,30.0,1245540.0,0.36
SKU100201,Producto 202,Herramientas,Manuales,0,1.5,2962083.0,0.11
SKU100202,Producto 203,Moda,Hombre,0,10.0,2253743.0,0.21
SKU100203,Producto 204,Hogar,Muebles,0,3.0,2529514.0,0.39
SKU100204,Producto 205,Moda,Hombre,1,1.5,129729.0,0.1
SKU100205,Producto 206,Electrónica,Computadores,0,10.0,187999.0,0.4
SKU100206,Producto 207,Moda,Hombre,1,0.0,1612352.0,0.35
SKU100207,Producto 208,Deportes,Fitness,1,3.0,1675186.0,0.36
SKU100208,Producto 209,Herramientas,Jardín,0,10.0,2276102.0,0.2
SKU100209,Producto 210,Accesorios,Gafas,1,10.0,1362622.0,0.1
SKU100210,Producto 211,Deportes,Outdoor,1,3.0,838701.0,0.13
SKU100211,Producto 212,Herramientas,Manuales,0,0.0,2021668.0,0.3
SKU100212,Producto 213,Moda,Unisex,1,5.0,820644.0,0.06
SKU100213,Producto 214,Herramientas,Jardín,0,1.5,1570517.0,0.36
SKU100214,Producto 215,Moda,Mujer,1,3.0,937176.0,0.38
SKU100215,Producto 216,Hogar,Decoración,0,5.0,1691595.0,0.4
SKU100216,Producto 217,Infantil,Juguetes,0,0.0,1778069.0,0.24
SKU100217,Producto 218,Infantil,Ropa infantil,0,30.0,2270309.0,0.3
SKU100218,Producto 219,Belleza,Perfumes,0,1.5,2419033.0,0.41
SKU100219,Producto 220,Hogar,Cocina,0,5.0,2941779.0,0.29
SKU100220,Producto 221,Deportes,Ciclismo,1,1.5,1188887.0,0.22
SKU100221,Producto 222,Deportes,Outdoor,0,30.0,2184663.0,0.27
SKU100222,Producto 223,Hogar,Muebles,0,0.0,2355286.0,0.21
SKU100223,Producto 224,Accesorios,Relojes,1,30.0,1580335.0,0.33
SKU100224,Producto 225,Accesorios,Bolsos,0,10.0,458279.0,0.42
SKU100225,Producto 226,Accesorios,Relojes,0,1.5,2311375.0,0.08
SKU100226,Producto 227,Accesorios,Relojes,0,10.0,2940497.0,0.25
SKU100227,Producto 228,Belleza,Maquillaje,0,10.0,643210.0,0.28
SKU100228,Producto 229,Accesorios,Relojes,0,3.0,246073.0,0.1
SKU100229,Producto 230,Herramientas,Eléctricas,0,30.0,1762603.0,0.21
SKU100230,Producto 231,Infantil,Ropa infantil,0,5.0,562003.0,0.19
SKU100231,Producto 232,Herramientas,Eléctricas,0,3.0,2625466.0,0.26
SKU100232,Producto 233,Accesorios,Relojes,1,1.5,1813767.0,0.14
SKU100233,Producto 234,Deportes,Fitness,0,10.0,523426.0,0.16
SKU100234,Producto 235,Electrónica,Imagen,0,10.0,114778.0,0.27
SKU100235,Producto 236,Electrónica,Audio,0,10.0,1393121.0,0.13
SKU100236,Producto 237,Accesorios,Bolsos,1,1.5,403670.0,0.18
SKU100237,Producto 238,Deportes,Ciclismo,1,3.0,137150.0,0.37
SKU100238,Producto 239,Accesorios,Relojes,0,0.0,2069598.0,0.25
SKU100239,Producto 240,Herramientas,Manuales,0,3.0,2764200.0,0.07
SKU100240,Producto 241,Belleza,Maquillaje,0,1.5,2607537.0,0.08
SKU100241,Producto 242,Infantil,Ropa infantil,0,3.0,569873.0,0.13
SKU100242,Producto 243,Infantil,Juguetes,0,30.0,2773644.0,0.14
SKU100243,Producto 244,Herramientas,Eléctricas,0,5.0,1119363.0,0.24
SKU100244,Producto 245,Electrónica,Imagen,0,10.0,205777.0,0.11
SKU100245,Producto 246,Moda,Unisex,0,3.0,2145782.0,0.41
SKU100246,Producto 247,Electrónica,Audio,0,20.0,2253856.0,0.06
SKU100247,Producto 248,Moda,Hombre,0,1.5,1353289.0,0.26
SKU100248,Producto 249,Deportes,Ciclismo,0,30.0,332510.0,0.34
SKU100249,Producto 250,Herramientas,Jardín,0,5.0,79812.0,0.18
SKU100250,Producto 251,Hogar,Decoración,0,30.0,285829.0,0.26
SKU100251,Producto 252,Moda,Mujer,1,0.0,2673771.0,0.29
SKU100252,Producto 253,Belleza,Cuidado piel,0,5.0,1078211.0,0.31
SKU100253,Producto 254,Hogar,Cocina,0,1.5,279022.0,0.26
SKU100254,Producto 255,Infantil,Juguetes,0,1.5,1682072.0,0.28
SKU100255,Producto 256,Electrónica,Imagen,0,5.0,400189.0,0.16
SKU100256,Producto 257,Accesorios,Relojes,0,20.0,2700949.0,0.29
SKU100257,Producto 258,Hogar,Decoración,0,3.0,1081168.0,0.44
SKU100258,Producto 259,Moda,Hombre,1,10.0,2802402.0,0.05
SKU100259,Producto 260,Hogar,Decoración,0,10.0,475520.0,0.15
SKU100260,Producto 261,Electrónica,Imagen,0,5.0,2555436.0,0.09
SKU100261,Producto 262,Accesorios,Gafas,1,20.0,536653.0,0.41
SKU100262,Producto 263,Hogar,Decoración,0,30.0,173874.0,0.06
SKU100263,Producto 264,Belleza,Cuidado piel,0,10.0,2947488.0,0.09
SKU100264,Producto 265,Accesorios,Relojes,0,1.5,1736475.0,0.42
SKU100265,Producto 266,Accesorios,Relojes,1,30.0,2454875.0,0.15
SKU100266,Producto 267,Deportes,Fitness,0,20.0,2012557.0,0.42
SKU100267,Producto 268,Infantil,Cuidado,0,30.0,1614409.0,0.24
SKU100268,Producto 269,Herramientas,Manuales,0,10.0,2313089.0,0.12
SKU100269,Producto 270,Accesorios,Gafas,1,20.0,2138638.0,0.13
SKU100270,Producto 271,Belleza,Cuidado piel,0,5.0,742381.0,0.1
SKU100271,Producto 272,Hogar,Muebles,0,1.5,2307983.0,0.08
SKU100272,Producto 273,Herramientas,Eléctricas,0,20.0,480001.0,0.24
SKU100273,Producto 274,Herramientas,Jardín,0,3.0,1789772.0,0.2
SKU100274,Producto 275,Accesorios,Relojes,0,1.5,1654837.0,0.27
SKU100275,Producto 276,Herramientas,Manuales,0,1.5,980614.0,0.37
SKU100276,Producto 277,Deportes,Fitness,0,0.0,433698.0,0.05
SKU100277,Producto 278,Belleza,Maquillaje,0,0.0,1795003.0,0.24
SKU100278,Producto 279,Belleza,Maquillaje,0,30.0,2386983.0,0.09
SKU100279,Producto 280,Infantil,Cuidado,0,10.0,2495246.0,0.44
SKU100280,Producto 281,Electrónica,Computadores,0,20.0,2800155.0,0.45
SKU100281,Producto 282,Moda,Hombre,0,1.5,560075.0,0.08
SKU100282,Producto 283,Accesorios,Relojes,0,20.0,163322.0,0.36
SKU100283,Producto 284,Herramientas,Jardín,0,3.0,2389897.0,0.13
SKU100284,Producto 285,Herramientas,Manuales,0,20.0,2478895.0,0.12
SKU100285,Producto 286,Electrónica,Audio,0,3.0,2002288.0,0.26
SKU100286,Producto 287,Infantil,Juguetes,0,5.0,962266.0,0.29
SKU100287,Producto 288,Accesorios,Gafas,0,1.5,2453466.0,0.23
SKU100288,Producto 289,Infantil,Cuidado,0,20.0,2701009.0,0.3
SKU100289,Producto 290,Belleza,Maquillaje,0,0.0,2247876.0,0.25
SKU100290,Producto 291,Belleza,Maquillaje,0,0.0,1078980.0,0.21
SKU100291,Producto 292,Belleza,Maquillaje,0,1.5,1639788.0,0.41
SKU100292,Producto 293,Herramientas,Manuales,0,3.0,1637691.0,0.22
SKU100293,Producto 294,Infantil,Ropa infantil,0,3.0,1890570.0,0.18
SKU100294,Producto 295,Moda,Hombre,0,5.0,2386195.0,0.3
SKU100295,Producto 296,Belleza,Cuidado piel,0,5.0,2229554.0,0.28
SKU100296,Producto 297,Deportes,Ciclismo,0,10.0,471991.0,0.17
SKU100297,Producto 298,Herramientas,Manuales,0,10.0,2340144.0,0.11
SKU100298,Producto 299,Infantil,Juguetes,0,5.0,1718271.0,0.35
SKU100299,Producto 300,Moda,Mujer,0,3.0,2268813.0,0.09
SKU100300,Producto 301,Belleza,Cuidado piel,0,10.0,349683.0,0.39
SKU100301,Producto 302,Infantil,Juguetes,0,5.0,1203916.0,0.37
SKU100302,Producto 303,Deportes,Fitness,0,10.0,1469345.0,0.21
SKU100303,Producto 304,Electrónica,Computadores,0,10.0,2165709.0,0.31
SKU100304,Producto 305,Infantil,Cuidado,0,3.0,1705215.0,0.34
SKU100305,Producto 306,Deportes,Outdoor,1,3.0,1050174.0,0.12
SKU100306,Producto 307,Hogar,Cocina,0,1.5,1040722.0,0.14
SKU100307,Producto 308,Infantil,Ropa infantil,0,30.0,1396777.0,0.43
SKU100308,Producto 309,Herramientas,Manuales,0,5.0,2737320.0,0.11
SKU100309,Producto 310,Belleza,Cuidado piel,0,1.5,1842134.0,0.06
SKU100310,Producto 311,Electrónica,Imagen,0,5.0,1787029.0,0.09
SKU100311,Producto 312,Herramientas,Eléctricas,0,5.0,2374452.0,0.06
SKU100312,Producto 313,Hogar,Muebles,0,30.0,474566.0,0.28
SKU100313,Producto 314,Herramientas,Eléctricas,0,1.5,225386.0,0.08
SKU100314,Producto 315,Electrónica,Audio,0,20.0,2804414.0,0.42
SKU100315,Producto 316,Deportes,Outdoor,1,30.0,385976.0,0.14
SKU100316,Producto 317,Hogar,Cocina,0,1.5,2519916.0,0.1
SKU100317,Producto 318,Hogar,Decoración,0,0.0,1009796.0,0.17
SKU100318,Producto 319,Accesorios,Gafas,0,3.0,1782001.0,0.21
SKU100319,Producto 320,Accesorios,Relojes,1,0.0,2237864.0,0.13
SKU100320,Producto 321,Infantil,Cuidado,0,0.0,33803.0,0.18
SKU100321,Producto 322,Accesorios,Relojes,0,30.0,1255224.0,0.4
SKU100322,Producto 323,Hogar,Cocina,0,20.0,1052111.0,0.19
SKU100323,Producto 324,Moda,Mujer,0,1.5,2756995.0,0.28
SKU100324,Producto 325,Deportes,Ciclismo,0,3.0,1368270.0,0.11
SKU100325,Producto 326,Hogar,Cocina,0,0.0,1505136.0,0.22
SKU100326,Producto 327,Electrónica,Imagen,0,0.0,1099934.0,0.28
SKU100327,Producto 328,Herramientas,Jardín,0,20.0,675890.0,0.14
SKU100328,Producto 329,Herramientas,Manuales,0,0.0,550547.0,0.43
SKU100329,Producto 330,Electrónica,Audio,0,0.0,1680770.0,0.39
SKU100330,Producto 331,Infantil,Cuidado,0,30.0,2990685.0,0.25
SKU100331,Producto 332,Infantil,Cuidado,0,0.0,943612.0,0.21
SKU100332,Producto 333,Herramientas,Eléctricas,0,3.0,645519.0,0.41
SKU100333,Producto 334,Moda,Mujer,0,20.0,588249.0,0.06
SKU100334,Producto 335,Accesorios,Bolsos,0,20.0,2512963.0,0.28
SKU100335,Producto 336,Deportes,Fitness,0,0.0,2331072.0,0.23
SKU100336,Producto 337,Hogar,Cocina,0,1.5,1612679.0,0.24
SKU100337,Producto 338,Deportes,Fitness,1,20.0,1687728.0,0.11
SKU100338,Producto 339,Herramientas,Eléctricas,0,0.0,1016401.0,0.08
SKU100339,Producto 340,Herramientas,Jardín,0,3.0,1132462.0,0.16
SKU100340,Producto 341,Infantil,Cuidado,0,20.0,1589204.0,0.37
SKU100341,Producto 342,Accesorios,Relojes,1,30.0,485335.0,0.34
SKU100342,Producto 343,Herramientas,Eléctricas,0,10.0,1235794.0,0.27
SKU100343,Producto 344,Electrónica,Imagen,0,3.0,708603.0,0.32
SKU100344,Producto 345,Belleza,Perfumes,0,10.0,1793246.0,0.19
SKU100345,Producto 346,Infantil,Juguetes,0,10.0,552063.0,0.31
SKU100346,Producto 347,Hogar,Cocina,0,30.0,2168023.0,0.37
SKU100347,Producto 348,Electrónica,Computadores,0,20.0,1817528.0,0.37
SKU100348,Producto 349,Infantil,Cuidado,0,5.0,2834341.0,0.11
SKU100349,Producto 350,Electrónica,Audio,0,20.0,893580.0,0.41
SKU100350,Producto 351,Herramientas,Jardín,0,30.0,1907058.0,0.34
SKU100351,Producto 352,Herramientas,Manuales,0,10.0,99066.0,0.12
SKU100352,Producto 353,Deportes,Outdoor,1,5.0,1935918.0,0.33
SKU100353,Producto 354,Herramientas,Eléctricas,0,0.0,2455982.0,0.19
SKU100354,Producto 355,Herramientas,Manuales,0,1.5,2478820.0,0.2
SKU100355,Producto 356,Accesorios,Relojes,1,30.0,818830.0,0.3
SKU100356,Producto 357,Hogar,Cocina,0,20.0,2326027.0,0.2
SKU100357,Producto 358,Belleza,Maquillaje,0,10.0,897508.0,0.43
SKU100358,Producto 359,Herramientas,Manuales,0,20.0,2343681.0,0.1
SKU100359,Producto 360,Accesorios,Gafas,0,20.0,1472545.0,0.41
SKU100360,Producto 361,Herramientas,Eléctricas,0,0.0,1464640.0,0.25
SKU100361,Producto 362,Belleza,Maquillaje,0,0.0,1634070.0,0.3
SKU100362,Producto 363,Belleza,Cuidado piel,0,30.0,669709.0,0.31
SKU100363,Producto 364,Accesorios,Gafas,0,20.0,2953518.0,0.26
SKU100364,Producto 365,Herramientas,Manuales,0,10.0,2079841.0,0.32
SKU100365,Producto 366,Electrónica,Audio,0,20.0,2744610.0,0.1
SKU100366,Producto 367,Belleza,Perfumes,0,5.0,1504310.0,0.08
SKU100367,Producto 368,Herramientas,Jardín,0,10.0,1961233.0,0.38
SKU100368,Producto 369,Herramientas,Eléctricas,0,30.0,337605.0,0.11
SKU100369,Producto 370,Moda,Mujer,0,3.0,2702056.0,0.4
SKU100370,Producto 371,Infantil,Ropa infantil,0,1.5,1809540.0,0.32
SKU100371,Producto 372,Herramientas,Eléctricas,0,30.0,1728417.0,0.39
SKU100372,Producto 373,Electrónica,Computadores,0,10.0,1161753.0,0.26
SKU100373,Producto 374,Moda,Unisex,0,1.5,515524.0,0.35
SKU100374,Producto 375,Infantil,Cuidado,0,3.0,289204.0,0.36
SKU100375,Producto 376,Electrónica,Computadores,0,10.0,1180101.0,0.17
SKU100376,Producto 377,Accesorios,Bolsos,0,5.0,2162757.0,0.17
SKU100377,Producto 378,Hogar,Muebles,0,3.0,2848934.0,0.21
SKU100378,Producto 379,Hogar,Decoración,0,20.0,422304.0,0.24
SKU100379,Producto 380,Deportes,Fitness,1,1.5,112926.0,0.15
SKU100380,Producto 381,Infantil,Ropa infantil,0,3.0,2527758.0,0.39
SKU100381,Producto 382,Herramientas,Manuales,0,3.0,1798592.0,0.18
SKU100382,Producto 383,Moda,Mujer,0,1.5,1433227.0,0.19
SKU100383,Producto 384,Accesorios,Bolsos,0,0.0,1250125.0,0.33
SKU100384,Producto 385,Hogar,Muebles,0,1.5,1389851.0,0.08
SKU100385,Producto 386,Accesorios,Relojes,1,1.5,2402259.0,0.33
SKU100386,Producto 387,Electrónica,Imagen,0,20.0,35656.0,0.09
SKU100387,Producto 388,Infantil,Cuidado,0,10.0,292915.0,0.42
SKU100388,Producto 389,Herramientas,Eléctricas,0,10.0,2374240.0,0.33
SKU100389,Producto 390,Herramientas,Jardín,0,0.0,571696.0,0.27
SKU100390,Producto 391,Herramientas,Manuales,0,3.0,2202030.0,0.37
SKU100391,Producto 392,Belleza,Perfumes,0,30.0,2177828.0,0.3
SKU100392,Producto 393,Accesorios,Relojes,1,0.0,2712024.0,0.31
SKU100393,Producto 394,Moda,Unisex,0,3.0,2963251.0,0.43
SKU100394,Producto 395,Accesorios,Bolsos,1,30.0,151613.0,0.29
SKU100395,Producto 396,Electrónica,Imagen,0,0.0,558115.0,0.28
SKU100396,Producto 397,Herramientas,Jardín,0,1.5,952307.0,0.1
SKU100397,Producto 398,Accesorios,Relojes,0,30.0,906100.0,0.42
SKU100398,Producto 399,Herramientas,Eléctricas,0,1.5,1276853.0,0.37
SKU100399,Producto 400,Deportes,Outdoor,1,30.0,2588887.0,0.39
SKU100400,Producto 401,Hogar,Muebles,0,1.5,1576855.0,0.31
SKU100401,Producto 402,Hogar,Decoración,0,20.0,1796884.0,0.14
SKU100402,Producto 403,Herramientas,Eléctricas,0,5.0,1453564.0,0.4
SKU100403,Producto 404,Deportes,Fitness,0,3.0,1032827.0,0.34
SKU100404,Producto 405,Hogar,Muebles,0,5.0,1725835.0,0.37
SKU100405,Producto 406,Infantil,Ropa infantil,0,5.0,2376355.0,0.18
SKU100406,Producto 407,Accesorios,Gafas,0,1.5,1570101.0,0.22
SKU100407,Producto 408,Belleza,Perfumes,0,5.0,714219.0,0.06
SKU100408,Producto 409,Accesorios,Relojes,1,1.5,2971217.0,0.05
SKU100409,Producto 410,Electrónica,Computadores,0,10.0,1596233.0,0.43
SKU100410,Producto 411,Hogar,Cocina,0,3.0,228689.0,0.05
SKU100411,Producto 412,Infantil,Juguetes,0,10.0,2306221.0,0.21
SKU100412,Producto 413,Hogar,Muebles,0,10.0,1449748.0,0.28
SKU100413,Producto 414,Hogar,Decoración,0,5.0,2952569.0,0.36
SKU100414,Producto 415,Hogar,Muebles,0,0.0,1022384.0,0.26
SKU100415,Producto 416,Deportes,Outdoor,1,0.0,731556.0,0.09
SKU100416,Producto 417,Electrónica,Audio,0,20.0,905069.0,0.39
SKU100417,Producto 418,Belleza,Cuidado piel,0,1.5,716151.0,0.07
SKU100418,Producto 419,Infantil,Ropa infantil,0,0.0,2732811.0,0.07
SKU100419,Producto 420,Belleza,Maquillaje,0,30.0,1165293.0,0.32
SKU100420,Producto 421,Deportes,Ciclismo,1,5.0,2870119.0,0.37
SKU100421,Producto 422,Deportes,Ciclismo,0,10.0,286445.0,0.22
SKU100422,Producto 423,Hogar,Decoración,0,30.0,2835301.0,0.24
SKU100423,Producto 424,Accesorios,Gafas,0,10.0,2967771.0,0.35
SKU100424,Producto 425,Herramientas,Jardín,0,5.0,710382.0,0.43
SKU100425,Producto 426,Deportes,Ciclismo,1,30.0,707096.0,0.38
SKU100426,Producto 427,Infantil,Ropa infantil,0,20.0,707396.0,0.12
SKU100427,Producto 428,Infantil,Cuidado,0,1.5,129461.0,0.43
SKU100428,Producto 429,Electrónica,Imagen,0,20.0,2406294.0,0.3
SKU100429,Producto 430,Infantil,Cuidado,0,30.0,2653682.0,0.42
SKU100430,Producto 431,Deportes,Ciclismo,1,1.5,1584594.0,0.15
SKU100431,Producto 432,Belleza,Perfumes,0,3.0,2279551.0,0.33
SKU100432,Producto 433,Infantil,Cuidado,0,3.0,2451183.0,0.14
SKU100433,Producto 434,Accesorios,Gafas,1,10.0,1620184.0,0.29
SKU100434,Producto 435,Herramientas,Manuales,0,20.0,2583178.0,0.23
SKU100435,Producto 436,Moda,Mujer,1,3.0,833419.0,0.24
SKU100436,Producto 437,Hogar,Cocina,0,3.0,2867841.0,0.39
SKU100437,Producto 438,Accesorios,Gafas,1,0.0,1000573.0,0.42
SKU100438,Producto 439,Infantil,Cuidado,0,3.0,279221.0,0.21
SKU100439,Producto 440,Infantil,Juguetes,0,30.0,35145.0,0.33
SKU100440,Producto 441,Accesorios,Relojes,0,1.5,1607156.0,0.43
SKU100441,Producto 442,Electrónica,Computadores,0,10.0,2685550.0,0.45
SKU100442,Producto 443,Herramientas,Manuales,0,1.5,1495537.0,0.24
SKU100443,Producto 444,Moda,Unisex,1,10.0,2721411.0,0.28
SKU100444,Producto 445,Moda,Unisex,0,1.5,1640461.0,0.4
SKU100445,Producto 446,Infantil,Cuidado,0,0.0,2638317.0,0.37
SKU100446,Producto 447,Deportes,Outdoor,0,5.0,2554734.0,0.4
SKU100447,Producto 448,Electrónica,Imagen,0,0.0,1015346.0,0.15
SKU100448,Producto 449,Herramientas,Eléctricas,0,10.0,2046819.0,0.3
SKU100449,Producto 450,Belleza,Perfumes,0,20.0,583880.0,0.4
SKU100450,Producto 451,Deportes,Ciclismo,1,10.0,2618094.0,0.06
SKU100451,Producto 452,Belleza,Perfumes,0,30.0,35333.0,0.38
SKU100452,Producto 453,Accesorios,Bolsos,0,10.0,2235655.0,0.11
SKU100453,Producto 454,Deportes,Outdoor,1,5.0,1677422.0,0.35
SKU100454,Producto 455,Infantil,Juguetes,0,5.0,39030.0,0.16
SKU100455,Producto 456,Infantil,Ropa infantil,0,20.0,992772.0,0.27
SKU100456,Producto 457,Infantil,Cuidado,0,30.0,1142552.0,0.05
SKU100457,Producto 458,Belleza,Cuidado piel,0,10.0,2343939.0,0.09
SKU100458,Producto 459,Herramientas,Eléctricas,0,20.0,74915.0,0.22
SKU100459,Producto 460,Deportes,Ciclismo,1,1.5,1038779.0,0.3
SKU100460,Producto 461,Belleza,Cuidado piel,0,20.0,2266023.0,0.37
SKU100461,Producto 462,Accesorios,Bolsos,1,5.0,2069899.0,0.08
SKU100462,Producto 463,Hogar,Muebles,0,3.0,515805.0,0.36
SKU100463,Producto 464,Belleza,Perfumes,0,0.0,1754868.0,0.19
SKU100464,Producto 465,Infantil,Cuidado,0,1.5,242589.0,0.39
SKU100465,Producto 466,Accesorios,Gafas,1,20.0,2920997.0,0.44
SKU100466,Producto 467,Hogar,Decoración,0,5.0,1949769.0,0.29
SKU100467,Producto 468,Moda,Mujer,0,5.0,93269.0,0.06
SKU100468,Producto 469,Belleza,Perfumes,0,20.0,1128064.0,0.38
SKU100469,Producto 470,Moda,Unisex,0,3.0,2056220.0,0.23
SKU100470,Producto 471,Herramientas,Jardín,0,20.0,1416247.0,0.43
SKU100471,Producto 472,Infantil,Cuidado,0,3.0,1365133.0,0.12
SKU100472,Producto 473,Accesorios,Bolsos,0,30.0,2481244.0,0.17
SKU100473,Producto 474,Electrónica,Audio,0,1.5,2323012.0,0.14
SKU100474,Producto 475,Infantil,Ropa infantil,0,3.0,834313.0,0.43
SKU100475,Producto 476,Hogar,Cocina,0,5.0,113281.0,0.34
SKU100476,Producto 477,Moda,Unisex,0,30.0,1270787.0,0.31
SKU100477,Producto 478,Accesorios,Relojes,1,20.0,2285080.0,0.23
SKU100478,Producto 479,Accesorios,Gafas,0,3.0,1239815.0,0.41
SKU100479,Producto 480,Accesorios,Gafas,0,30.0,2242594.0,0.13
SKU100480,Producto 481,Herramientas,Jardín,0,0.0,1961967.0,0.2
SKU100481,Producto 482,Accesorios,Relojes,0,30.0,1425167.0,0.27
SKU100482,Producto 483,Belleza,Cuidado piel,0,5.0,572866.0,0.4
SKU100483,Producto 484,Herramientas,Manuales,0,10.0,477901.0,0.23
SKU100484,Producto 485,Moda,Mujer,0,1.5,2287851.0,0.3
SKU100485,Producto 486,Belleza,Perfumes,0,5.0,116928.0,0.42
SKU100486,Producto 487,Belleza,Cuidado piel,0,3.0,572667.0,0.23
SKU100487,Producto 488,Accesorios,Relojes,0,20.0,369578.0,0.1
SKU100488,Producto 489,Hogar,Muebles,0,5.0,757669.0,0.27
SKU100489,Producto 490,Hogar,Decoración,0,0.0,499260.0,0.31
SKU100490,Producto 491,Moda,Unisex,0,10.0,821600.0,0.37
SKU100491,Producto 492,Electrónica,Imagen,0,3.0,2953367.0,0.11
SKU100492,Producto 493,Moda,Hombre,0,10.0,235892.0,0.21
SKU100493,Producto 494,Hogar,Decoración,0,20.0,2924606.0,0.34
SKU100494,Producto 495,Moda,Unisex,0,3.0,2091046.0,0.39
SKU100495,Producto 496,Moda,Mujer,0,20.0,2725300.0,0.34
SKU100496,Producto 497,Electrónica,Imagen,0,3.0,332692.0,0.15
SKU100497,Producto 498,Deportes,Ciclismo,1,0.0,1721295.0,0.06
SKU100498,Producto 499,Deportes,Ciclismo,0,20.0,1862104.0,0.33
SKU100499,Producto 500,Deportes,Ciclismo,1,1.5,2331898.0,0.43
SKU100500,Producto 501,Moda,Unisex,1,0.0,1562781.0,0.09
SKU100501,Producto 502,Electrónica,Audio,0,10.0,265875.0,0.38
SKU100502,Producto 503,Infantil,Juguetes,0,1.5,1202831.0,0.1
SKU100503,Producto 504,Deportes,Outdoor,1,30.0,618560.0,0.33
SKU100504,Producto 505,Hogar,Decoración,0,30.0,616448.0,0.12
SKU100505,Producto 506,Hogar,Muebles,0,0.0,2855619.0,0.1
SKU100506,Producto 507,Herramientas,Manuales,0,3.0,114127.0,0.42
SKU100507,Producto 508,Hogar,Muebles,0,30.0,1846574.0,0.17
SKU100508,Producto 509,Moda,Unisex,0,5.0,2615488.0,0.34
SKU100509,Producto 510,Infantil,Ropa infantil,0,20.0,2354600.0,0.29
SKU100510,Producto 511,Electrónica,Audio,0,30.0,258742.0,0.41
SKU100511,Producto 512,Herramientas,Manuales,0,5.0,1800478.0,0.36
SKU100512,Producto 513,Accesorios,Gafas,0,30.0,1937862.0,0.26
SKU100513,Producto 514,Herramientas,Jardín,0,1.5,1327050.0,0.34
SKU100514,Producto 515,Herramientas,Eléctricas,0,5.0,756368.0,0.11
SKU100515,Producto 516,Hogar,Muebles,0,10.0,1854911.0,0.18
SKU100516,Producto 517,Deportes,Ciclismo,0,20.0,1023949.0,0.12
SKU100517,Producto 518,Infantil,Cuidado,0,30.0,1312293.0,0.07
SKU100518,Producto 519,Belleza,Maquillaje,0,5.0,1674983.0,0.34
SKU100519,Producto 520,Infantil,Ropa infantil,0,20.0,1010298.0,0.27
SKU100520,Producto 521,Accesorios,Bolsos,0,3.0,1957971.0,0.13
SKU100521,Producto 522,Moda,Mujer,1,3.0,677272.0,0.22
SKU100522,Producto 523,Moda,Mujer,1,30.0,787895.0,0.24
SKU100523,Producto 524,Herramientas,Manuales,0,20.0,2883126.0,0.22
SKU100524,Producto 525,Accesorios,Gafas,0,5.0,1893719.0,0.34
SKU100525,Producto 526,Belleza,Maquillaje,0,20.0,2963196.0,0.07
SKU100526,Producto 527,Belleza,Perfumes,0,0.0,1551708.0,0.29
SKU100527,Producto 528,Infantil,Ropa infantil,0,1.5,2181268.0,0.24
SKU100528,Producto 529,Deportes,Outdoor,1,1.5,1801216.0,0.37
SKU100529,Producto 530,Hogar,Cocina,0,30.0,844947.0,0.29
SKU100530,Producto 531,Hogar,Cocina,0,20.0,1090270.0,0.2
SKU100531,Producto 532,Accesorios,Bolsos,1,1.5,1902049.0,0.34
SKU100532,Producto 533,Deportes,Outdoor,0,3.0,2332481.0,0.21
SKU100533,Producto 534,Belleza,Perfumes,0,20.0,555456.0,0.15
SKU100534,Producto 535,Hogar,Muebles,0,20.0,1547593.0,0.22
SKU100535,Producto 536,Belleza,Perfumes,0,20.0,1486988.0,0.15
SKU100536,Producto 537,Accesorios,Gafas,0,5.0,1226962.0,0.29
SKU100537,Producto 538,Infantil,Cuidado,0,30.0,1090515.0,0.29
SKU100538,Producto 539,Infantil,Ropa infantil,0,20.0,1963327.0,0.17
SKU100539,Producto 540,Hogar,Decoración,0,5.0,789238.0,0.31
SKU100540,Producto 541,Moda,Hombre,1,30.0,1773470.0,0.29
SKU100541,Producto 542,Moda,Hombre,1,5.0,2910067.0,0.23
SKU100542,Producto 543,Belleza,Cuidado piel,0,3.0,2653455.0,0.23
SKU100543,Producto 544,Infantil,Cuidado,0,1.5,1357357.0,0.32
SKU100544,Producto 545,Moda,Mujer,0,0.0,1304045.0,0.15
SKU100545,Producto 546,Infantil,Juguetes,0,3.0,2846778.0,0.15
SKU100546,Producto 547,Deportes,Fitness,1,20.0,519505.0,0.06
SKU100547,Producto 548,Belleza,Maquillaje,0,10.0,1083062.0,0.26
SKU100548,Producto 549,Electrónica,Audio,0,0.0,2535628.0,0.37
SKU100549,Producto 550,Deportes,Outdoor,1,5.0,2595364.0,0.27
SKU100550,Producto 551,Hogar,Cocina,0,3.0,353520.0,0.16
SKU100551,Producto 552,Electrónica,Audio,0,1.5,386453.0,0.14
SKU100552,Producto 553,Moda,Mujer,1,1.5,137244.0,0.1
SKU100553,Producto 554,Herramientas,Manuales,0,20.0,556431.0,0.09
SKU100554,Producto 555,Deportes,Fitness,1,0.0,1531560.0,0.07
SKU100555,Producto 556,Belleza,Perfumes,0,1.5,1204189.0,0.24
SKU100556,Producto 557,Hogar,Cocina,0,3.0,34721.0,0.43
SKU100557,Producto 558,Deportes,Ciclismo,0,1.5,2919831.0,0.28
SKU100558,Producto 559,Hogar,Muebles,0,30.0,1574756.0,0.19
SKU100559,Producto 560,Herramientas,Jardín,0,20.0,436161.0,0.06
SKU100560,Producto 561,Accesorios,Relojes,1,10.0,447756.0,0.43
SKU100561,Producto 562,Accesorios,Relojes,0,5.0,2026829.0,0.44
SKU100562,Producto 563,Hogar,Muebles,0,0.0,2197872.0,0.11
SKU100563,Producto 564,Accesorios,Bolsos,1,20.0,2607064.0,0.12
SKU100564,Producto 565,Herramientas,Jardín,0,1.5,1991664.0,0.44
SKU100565,Producto 566,Infantil,Juguetes,0,3.0,2056079.0,0.25
SKU100566,Producto 567,Moda,Mujer,0,0.0,2496014.0,0.4
SKU100567,Producto 568,Electrónica,Audio,0,0.0,110553.0,0.42
SKU100568,Producto 569,Infantil,Juguetes,0,20.0,2757660.0,0.29
SKU100569,Producto 570,Deportes,Fitness,1,30.0,1983479.0,0.21
SKU100570,Producto 571,Belleza,Cuidado piel,0,10.0,1740012.0,0.19
SKU100571,Producto 572,Electrónica,Imagen,0,1.5,2998253.0,0.07
SKU100572,Producto 573,Accesorios,Bolsos,0,0.0,2601987.0,0.45
SKU100573,Producto 574,Accesorios,Gafas,0,10.0,2351509.0,0.28
SKU100574,Producto 575,Belleza,Cuidado piel,0,0.0,345147.0,0.31
SKU100575,Producto 576,Accesorios,Gafas,0,20.0,994559.0,0.32
SKU100576,Producto 577,Accesorios,Bolsos,1,20.0,2706099.0,0.4
SKU100577,Producto 578,Hogar,Muebles,0,30.0,1318038.0,0.38
SKU100578,Producto 579,Accesorios,Gafas,1,20.0,1642578.0,0.05
SKU100579,Producto 580,Accesorios,Relojes,0,30.0,1898022.0,0.29
SKU100580,Producto 581,Accesorios,Bolsos,1,30.0,2092492.0,0.21
SKU100581,Producto 582,Deportes,Outdoor,1,0.0,1797527.0,0.27
SKU100582,Producto 583,Belleza,Cuidado piel,0,3.0,697263.0,0.08
SKU100583,Producto 584,Accesorios,Bolsos,0,3.0,521964.0,0.31
SKU100584,Producto 585,Accesorios,Gafas,1,1.5,1401212.0,0.2
SKU100585,Producto 586,Hogar,Muebles,0,1.5,2855406.0,0.39
SKU100586,Producto 587,Infantil,Cuidado,0,5.0,96413.0,0.19
SKU100587,Producto 588,Belleza,Cuidado piel,0,5.0,463996.0,0.26
SKU100588,Producto 589,Belleza,Cuidado piel,0,30.0,1610136.0,0.29
SKU100589,Producto 590,Hogar,Decoración,0,30.0,2442698.0,0.34
SKU100590,Producto 591,Hogar,Decoración,0,3.0,1573278.0,0.38
SKU100591,Producto 592,Moda,Mujer,1,3.0,42537.0,0.31
SKU100592,Producto 593,Deportes,Ciclismo,0,5.0,2864887.0,0.31
SKU100593,Producto 594,Deportes,Fitness,0,3.0,199597.0,0.42
SKU100594,Producto 595,Deportes,Outdoor,0,20.0,599784.0,0.12
SKU100595,Producto 596,Hogar,Cocina,0,5.0,785194.0,0.16
SKU100596,Producto 597,Herramientas,Manuales,0,3.0,2790226.0,0.26
SKU100597,Producto 598,Herramientas,Jardín,0,1.5,1838795.0,0.34
SKU100598,Producto 599,Belleza,Perfumes,0,0.0,2930641.0,0.38
SKU100599,Producto 600,Belleza,Cuidado piel,0,20.0,559825.0,0.32
SKU100600,Producto 601,Herramientas,Eléctricas,0,1.5,2403348.0,0.12
SKU100601,Producto 602,Herramientas,Manuales,0,30.0,338493.0,0.28
SKU100602,Producto 603,Infantil,Ropa infantil,0,1.5,2754902.0,0.22
SKU100603,Producto 604,Electrónica,Imagen,0,20.0,2421858.0,0.27
SKU100604,Producto 605,Hogar,Muebles,0,10.0,1906791.0,0.43
SKU100605,Producto 606,Herramientas,Manuales,0,30.0,1921196.0,0.26
SKU100606,Producto 607,Electrónica,Audio,0,5.0,699678.0,0.13
SKU100607,Producto 608,Belleza,Maquillaje,0,1.5,540825.0,0.19
SKU100608,Producto 609,Hogar,Decoración,0,1.5,2702069.0,0.19
SKU100609,Producto 610,Hogar,Decoración,0,1.5,781822.0,0.17
SKU100610,Producto 611,Accesorios,Relojes,0,3.0,2556499.0,0.32
SKU100611,Producto 612,Herramientas,Jardín,0,0.0,304695.0,0.3
SKU100612,Producto 613,Moda,Mujer,1,0.0,1283356.0,0.11
SKU100613,Producto 614,Deportes,Ciclismo,1,0.0,2215884.0,0.4
SKU100614,Producto 615,Hogar,Muebles,0,30.0,1615367.0,0.12
SKU100615,Producto 616,Hogar,Decoración,0,10.0,1933075.0,0.29
SKU100616,Producto 617,Deportes,Ciclismo,0,3.0,711202.0,0.21
SKU100617,Producto 618,Herramientas,Manuales,0,10.0,194195.0,0.11
SKU100618,Producto 619,Deportes,Fitness,1,3.0,1799200.0,0.32
SKU100619,Producto 620,Infantil,Ropa infantil,0,1.5,1296035.0,0.34
SKU100620,Producto 621,Accesorios,Relojes,0,0.0,67147.0,0.19
SKU100621,Producto 622,Belleza,Cuidado piel,0,20.0,330247.0,0.34
SKU100622,Producto 623,Belleza,Cuidado piel,0,1.5,2718464.0,0.36
SKU100623,Producto 624,Accesorios,Relojes,1,5.0,275262.0,0.41
SKU100624,Producto 625,Deportes,Fitness,0,3.0,1215540.0,0.2
SKU100625,Producto 626,Deportes,Fitness,1,20.0,1077889.0,0.08
SKU100626,Producto 627,Accesorios,Bolsos,0,0.0,2498952.0,0.32
SKU100627,Producto 628,Infantil,Cuidado,0,5.0,716462.0,0.27
SKU100628,Producto 629,Accesorios,Gafas,1,20.0,1786580.0,0.32
SKU100629,Producto 630,Deportes,Outdoor,0,5.0,986515.0,0.18
SKU100630,Producto 631,Accesorios,Gafas,1,20.0,175970.0,0.2
SKU100631,Producto 632,Electrónica,Imagen,0,20.0,1682195.0,0.34
SKU100632,Producto 633,Infantil,Juguetes,0,20.0,1014037.0,0.28
SKU100633,Producto 634,Moda,Mujer,1,1.5,2873723.0,0.12
SKU100634,Producto 635,Moda,Hombre,0,30.0,2269417.0,0.12
SKU100635,Producto 636,Deportes,Ciclismo,1,1.5,308096.0,0.23
SKU100636,Producto 637,Hogar,Decoración,0,5.0,1055763.0,0.32
SKU100637,Producto 638,Electrónica,Computadores,0,5.0,1435162.0,0.2
SKU100638,Producto 639,Belleza,Perfumes,0,30.0,1209961.0,0.11
SKU100639,Producto 640,Deportes,Outdoor,1,10.0,2216797.0,0.36
SKU100640,Producto 641,Deportes,Ciclismo,0,0.0,2529259.0,0.26
SKU100641,Producto 642,Deportes,Outdoor,1,20.0,786001.0,0.37
SKU100642,Producto 643,Electrónica,Imagen,0,0.0,1833290.0,0.25
SKU100643,Producto 644,Belleza,Perfumes,0,5.0,2132059.0,0.06
SKU100644,Producto 645,Moda,Mujer,1,0.0,697525.0,0.19
SKU100645,Producto 646,Herramientas,Eléctricas,0,0.0,281175.0,0.42
SKU100646,Producto 647,Moda,Mujer,1,0.0,1538978.0,0.38
SKU100647,Producto 648,Moda,Mujer,1,20.0,1352664.0,0.29
SKU100648,Producto 649,Herramientas,Manuales,0,30.0,502057.0,0.36
SKU100649,Producto 650,Accesorios,Gafas,1,30.0,2976631.0,0.39
SKU100650,Producto 651,Deportes,Ciclismo,0,1.5,1513436.0,0.21
SKU100651,Producto 652,Infantil,Juguetes,0,20.0,2456000.0,0.2
SKU100652,Producto 653,Herramientas,Manuales,0,1.5,2606809.0,0.37
SKU100653,Producto 654,Hogar,Decoración,0,30.0,927944.0,0.08
SKU100654,Producto 655,Hogar,Muebles,0,10.0,88224.0,0.11
SKU100655,Producto 656,Hogar,Cocina,0,3.0,1051377.0,0.44
SKU100656,Producto 657,Infantil,Ropa infantil,0,1.5,2470992.0,0.1
SKU100657,Producto 658,Deportes,Fitness,0,20.0,954909.0,0.29
SKU100658,Producto 659,Moda,Mujer,1,0.0,1826634.0,0.36
SKU100659,Producto 660,Electrónica,Imagen,0,10.0,966244.0,0.43
SKU100660,Producto 661,Electrónica,Imagen,0,20.0,456194.0,0.2
SKU100661,Producto 662,Belleza,Cuidado piel,0,10.0,96919.0,0.1
SKU100662,Producto 663,Accesorios,Bolsos,1,5.0,258297.0,0.36
SKU100663,Producto 664,Moda,Hombre,1,5.0,949212.0,0.25
SKU100664,Producto 665,Hogar,Decoración,0,1.5,847703.0,0.39
SKU100665,Producto 666,Belleza,Cuidado piel,0,10.0,72710.0,0.29
SKU100666,Producto 667,Deportes,Ciclismo,1,30.0,473034.0,0.07
SKU100667,Producto 668,Herramientas,Jardín,0,3.0,591512.0,0.13
SKU100668,Producto 669,Deportes,Outdoor,1,20.0,2984702.0,0.07
SKU100669,Producto 670,Herramientas,Jardín,0,30.0,2951363.0,0.15
SKU100670,Producto 671,Electrónica,Audio,0,3.0,242397.0,0.36
SKU100671,Producto 672,Electrónica,Imagen,0,20.0,321117.0,0.33
SKU100672,Producto 673,Moda,Hombre,1,5.0,1861794.0,0.3
SKU100673,Producto 674,Hogar,Muebles,0,0.0,713284.0,0.14
SKU100674,Producto 675,Moda,Mujer,0,10.0,1879210.0,0.26
SKU100675,Producto 676,Electrónica,Audio,0,30.0,2178466.0,0.37
SKU100676,Producto 677,Accesorios,Gafas,1,30.0,1360358.0,0.13
SKU100677,Producto 678,Hogar,Cocina,0,30.0,1586004.0,0.24
SKU100678,Producto 679,Herramientas,Jardín,0,30.0,2206171.0,0.36
SKU100679,Producto 680,Electrónica,Computadores,0,20.0,760769.0,0.1
SKU100680,Producto 681,Moda,Unisex,0,10.0,77193.0,0.15
SKU100681,Producto 682,Infantil,Ropa infantil,0,1.5,2049305.0,0.13
SKU100682,Producto 683,Electrónica,Computadores,0,10.0,661302.0,0.05
SKU100683,Producto 684,Belleza,Cuidado piel,0,1.5,1895310.0,0.13
SKU100684,Producto 685,Accesorios,Bolsos,0,10.0,2879538.0,0.25
SKU100685,Producto 686,Belleza,Cuidado piel,0,3.0,812236.0,0.31
SKU100686,Producto 687,Electrónica,Imagen,0,10.0,2536184.0,0.09
SKU100687,Producto 688,Herramientas,Eléctricas,0,1.5,399055.0,0.4
SKU100688,Producto 689,Accesorios,Relojes,1,5.0,1962098.0,0.37
SKU100689,Producto 690,Electrónica,Imagen,0,10.0,1195539.0,0.23
SKU100690,Producto 691,Hogar,Muebles,0,10.0,2869542.0,0.1
SKU100691,Producto 692,Moda,Unisex,0,0.0,1982903.0,0.43
SKU100692,Producto 693,Belleza,Cuidado piel,0,1.5,1324057.0,0.15
SKU100693,Producto 694,Electrónica,Imagen,0,1.5,2792350.0,0.15
SKU100694,Producto 695,Belleza,Perfumes,0,10.0,2478894.0,0.25
SKU100695,Producto 696,Deportes,Outdoor,1,3.0,1361371.0,0.14
SKU100696,Producto 697,Herramientas,Jardín,0,0.0,218623.0,0.26
SKU100697,Producto 698,Deportes,Ciclismo,0,3.0,334967.0,0.45
SKU100698,Producto 699,Herramientas,Eléctricas,0,30.0,2047079.0,0.07
SKU100699,Producto 700,Infantil,Juguetes,0,0.0,2243698.0,0.31
SKU100700,Producto 701,Electrónica,Audio,0,3.0,232345.0,0.05
SKU100701,Producto 702,Electrónica,Imagen,0,10.0,1535566.0,0.21
SKU100702,Producto 703,Infantil,Cuidado,0,30.0,903676.0,0.19
SKU100703,Producto 704,Accesorios,Gafas,1,30.0,2828100.0,0.36
SKU100704,Producto 705,Infantil,Juguetes,0,3.0,538846.0,0.09
SKU100705,Producto 706,Moda,Mujer,1,20.0,2494993.0,0.08
SKU100706,Producto 707,Electrónica,Computadores,0,1.5,82416.0,0.08
SKU100707,Producto 708,Belleza,Maquillaje,0,5.0,2698724.0,0.36
SKU100708,Producto 709,Hogar,Muebles,0,0.0,2928453.0,0.32
SKU100709,Producto 710,Accesorios,Relojes,1,3.0,381732.0,0.3
SKU100710,Producto 711,Accesorios,Relojes,0,20.0,226378.0,0.43
SKU100711,Producto 712,Herramientas,Jardín,0,30.0,145015.0,0.44
SKU100712,Producto 713,Herramientas,Manuales,0,10.0,393196.0,0.24
SKU100713,Producto 714,Infantil,Juguetes,0,1.5,1813607.0,0.28
SKU100714,Producto 715,Accesorios,Bolsos,1,30.0,1571889.0,0.3
SKU100715,Producto 716,Deportes,Outdoor,1,1.5,401725.0,0.19
SKU100716,Producto 717,Belleza,Cuidado piel,0,1.5,689355.0,0.2
SKU100717,Producto 718,Hogar,Muebles,0,3.0,1659274.0,0.21
SKU100718,Producto 719,Infantil,Ropa infantil,0,1.5,2830366.0,0.15
SKU100719,Producto 720,Herramientas,Jardín,0,10.0,2034427.0,0.25
SKU100720,Producto 721,Accesorios,Bolsos,1,0.0,1944516.0,0.16
SKU100721,Producto 722,Belleza,Maquillaje,0,20.0,2586883.0,0.39
SKU100722,Producto 723,Electrónica,Computadores,0,0.0,1641169.0,0.3
SKU100723,Producto 724,Belleza,Perfumes,0,20.0,1392408.0,0.39
SKU100724,Producto 725,Accesorios,Relojes,0,20.0,2333813.0,0.31
SKU100725,Producto 726,Hogar,Decoración,0,3.0,973778.0,0.35
SKU100726,Producto 727,Accesorios,Relojes,0,0.0,2813416.0,0.07
SKU100727,Producto 728,Electrónica,Audio,0,1.5,341672.0,0.32
SKU100728,Producto 729,Herramientas,Eléctricas,0,5.0,2457000.0,0.14
SKU100729,Producto 730,Deportes,Ciclismo,0,3.0,469015.0,0.19
SKU100730,Producto 731,Belleza,Maquillaje,0,20.0,1635867.0,0.29
SKU100731,Producto 732,Accesorios,Gafas,0,3.0,906694.0,0.28
SKU100732,Producto 733,Deportes,Outdoor,1,10.0,299396.0,0.28
SKU100733,Producto 734,Belleza,Maquillaje,0,0.0,2288142.0,0.11
SKU100734,Producto 735,Herramientas,Eléctricas,0,1.5,1682966.0,0.37
SKU100735,Producto 736,Deportes,Outdoor,1,5.0,2184856.0,0.45
SKU100736,Producto 737,Accesorios,Relojes,1,3.0,1216453.0,0.37
SKU100737,Producto 738,Moda,Hombre,0,3.0,946568.0,0.35
SKU100738,Producto 739,Deportes,Fitness,1,20.0,1855637.0,0.13
SKU100739,Producto 740,Hogar,Muebles,0,0.0,1138275.0,0.27
SKU100740,Producto 741,Infantil,Cuidado,0,5.0,35584.0,0.35
SKU100741,Producto 742,Herramientas,Eléctricas,0,20.0,2501388.0,0.05
SKU100742,Producto 743,Infantil,Cuidado,0,0.0,2875059.0,0.2
SKU100743,Producto 744,Herramientas,Eléctricas,0,3.0,2273669.0,0.39
SKU100744,Producto 745,Hogar,Cocina,0,20.0,2632419.0,0.45
SKU100745,Producto 746,Hogar,Muebles,0,5.0,1168420.0,0.31
SKU100746,Producto 747,Deportes,Outdoor,1,1.5,2660863.0,0.29
SKU100747,Producto 748,Hogar,Decoración,0,10.0,1995865.0,0.05
SKU100748,Producto 749,Belleza,Perfumes,0,30.0,29590.0,0.3
SKU100749,Producto 750,Belleza,Perfumes,0,5.0,560331.0,0.21
SKU100750,Producto 751,Hogar,Decoración,0,0.0,1772843.0,0.24
SKU100751,Producto 752,Infantil,Ropa infantil,0,20.0,2175746.0,0.09
SKU100752,Producto 753,Deportes,Outdoor,0,1.5,1693224.0,0.27
SKU100753,Producto 754,Belleza,Perfumes,0,20.0,1470061.0,0.29
SKU100754,Producto 755,Moda,Hombre,0,3.0,824066.0,0.38
SKU100755,Producto 756,Deportes,Ciclismo,1,0.0,1916742.0,0.11
SKU100756,Producto 757,Electrónica,Imagen,0,10.0,2242857.0,0.44
SKU100757,Producto 758,Belleza,Maquillaje,0,10.0,2370073.0,0.26
SKU100758,Producto 759,Deportes,Outdoor,0,10.0,459409.0,0.18
SKU100759,Producto 760,Hogar,Muebles,0,30.0,722856.0,0.2
SKU100760,Producto 761,Accesorios,Gafas,1,0.0,1802711.0,0.34
SKU100761,Producto 762,Accesorios,Relojes,0,3.0,2206175.0,0.17
SKU100762,Producto 763,Deportes,Fitness,0,0.0,1275319.0,0.3
SKU100763,Producto 764,Herramientas,Manuales,0,30.0,372642.0,0.21
SKU100764,Producto 765,Belleza,Cuidado piel,0,20.0,2246714.0,0.35
SKU100765,Producto 766,Deportes,Ciclismo,1,1.5,1771553.0,0.12
SKU100766,Producto 767,Electrónica,Audio,0,10.0,2939347.0,0.12
SKU100767,Producto 768,Deportes,Fitness,0,3.0,92091.0,0.38
SKU100768,Producto 769,Deportes,Fitness,0,10.0,2099058.0,0.42
SKU100769,Producto 770,Belleza,Perfumes,0,3.0,2823224.0,0.15
SKU100770,Producto 771,Infantil,Juguetes,0,20.0,692113.0,0.2
SKU100771,Producto 772,Infantil,Juguetes,0,10.0,1453100.0,0.22
SKU100772,Producto 773,Infantil,Juguetes,0,10.0,2123937.0,0.3
SKU100773,Producto 774,Infantil,Cuidado,0,20.0,2189259.0,0.25
SKU100774,Producto 775,Hogar,Decoración,0,0.0,2345035.0,0.05
SKU100775,Producto 776,Deportes,Outdoor,0,0.0,493546.0,0.29
SKU100776,Producto 777,Deportes,Outdoor,1,5.0,1208531.0,0.42
SKU100777,Producto 778,Electrónica,Audio,0,0.0,2870712.0,0.08
SKU100778,Producto 779,Hogar,Cocina,0,5.0,152893.0,0.06
SKU100779,Producto 780,Infantil,Cuidado,0,30.0,755997.0,0.41
SKU100780,Producto 781,Moda,Unisex,1,1.5,830410.0,0.35
SKU100781,Producto 782,Electrónica,Imagen,0,1.5,2537473.0,0.16
SKU100782,Producto 783,Infantil,Cuidado,0,0.0,1472962.0,0.06
SKU100783,Producto 784,Infantil,Ropa infantil,0,5.0,1866704.0,0.27
SKU100784,Producto 785,Moda,Unisex,1,10.0,1606614.0,0.21
SKU100785,Producto 786,Infantil,Ropa infantil,0,30.0,277545.0,0.14
SKU100786,Producto 787,Hogar,Decoración,0,3.0,2890915.0,0.27
SKU100787,Producto 788,Electrónica,Audio,0,30.0,1192475.0,0.38
SKU100788,Producto 789,Herramientas,Manuales,0,20.0,2197846.0,0.44
SKU100789,Producto 790,Herramientas,Manuales,0,1.5,451996.0,0.34
SKU100790,Producto 791,Moda,Mujer,0,10.0,1704684.0,0.24
SKU100791,Producto 792,Belleza,Perfumes,0,0.0,2842167.0,0.44
SKU100792,Producto 793,Belleza,Perfumes,0,10.0,360005.0,0.11
SKU100793,Producto 794,Belleza,Maquillaje,0,5.0,1265610.0,0.09
SKU100794,Producto 795,Deportes,Fitness,0,20.0,1692444.0,0.26
SKU100795,Producto 796,Belleza,Cuidado piel,0,10.0,697680.0,0.21
SKU100796,Producto 797,Herramientas,Eléctricas,0,3.0,221652.0,0.33
SKU100797,Producto 798,Infantil,Ropa infantil,0,0.0,1846442.0,0.14
SKU100798,Producto 799,Moda,Hombre,0,1.5,1464395.0,0.12
SKU100799,Producto 800,Electrónica,Imagen,0,1.5,1999280.0,0.14
